{
  "name": "modulel298",
  "author": "Darwin WasWrong",
  "pins": [
    "ENA",
    "IN1",
    "IN2",
    "IN3",
    "IN4",
    "ENB",
    "",
    "",
    "5V",
    "GND",
    "Motor V"
  ],
  "controls": [

     { "id": "usePWMenA",
      "label": "PWM USED ENA",
      "type": "range",
      "min": 0,
      "max": 1,
      "step": 1
     }
     ,
     { "id": "usePWMenB",
      "label": "PWM USED ENB",
      "type": "range",
      "min": 0,
      "max": 1,
      "step": 1
     }
  ],
    "display": {
    "width":256,
    "height": 128
  }

}